INSERT INTO persons (id, first_name, last_name, reg_date, birth_date, email, phone, password, about)
VALUES (1, 'Gretchen', 'Contreras', '2022-09-29 21:49:07', '2000-06-08 10:54:06', 'rhoncus.nullam@yahoo.edu',
        '+7 (978) 311-43-59', 'ZvJ57ekY5Tc',
        'senectus et netus et malesuada fames ac turpis egestas. Fusce aliquet magna a neque. Nullam ut'),
       (2, 'Jescie', 'Logan', '2022-04-18 23:14:12', '1979-01-03 15:07:47', 'molestie@yahoo.edu', '+7 (965) 698-46-45',
        'UbQ85uuS8Lu',
        'molestie arcu. Sed eu nibh vulputate mauris sagittis placerat. Cras dictum ultricies ligula. Nullam enim. Sed nulla ante,');

INSERT INTO posts (id, time, author_id, title, post_text)
VALUES (1, '2022-07-02 11:04:07', 1, 'adipiscing fringilla,',
        'augue eu tellus. Phasellus elit pede, malesuada vel, venenatis vel, faucibus id, libero. Donec consectetuer mauris id sapien. Cras dolor dolor, tempus non, lacinia at, iaculis quis, pede. Praesent eu dui. Cum sociis natoque penatibus et magnis dis parturient montes, nascetur ridiculus mus. Aenean eget magna. Suspendisse tristique neque venenatis lacus. Etiam bibendum fermentum metus. Aenean sed pede nec ante blandit viverra. Donec tempus, lorem fringilla ornare placerat, orci lacus vestibulum lorem,'),
       (2, '2022-04-21 20:08:24', 1, 'sed dui. Fusce',
        'Pellentesque habitant morbi tristique senectus et netus et malesuada fames ac turpis egestas. Fusce aliquet magna a neque. Nullam ut nisi a odio semper cursus. Integer mollis. Integer tincidunt aliquam arcu. Aliquam ultrices iaculis odio. Nam interdum enim non nisi. Aenean eget metus. In nec orci. Donec nibh. Quisque nonummy ipsum non arcu. Vivamus sit amet'),
       (3, '2022-03-19 11:53:27', 1, 'arcu imperdiet ullamcorper.',
        'eget, dictum placerat, augue. Sed molestie. Sed id risus quis diam luctus lobortis. Class aptent taciti sociosqu ad litora torquent per conubia nostra, per inceptos hymenaeos. Mauris ut quam vel sapien imperdiet ornare. In faucibus. Morbi vehicula. Pellentesque tincidunt tempus risus. Donec egestas. Duis ac arcu. Nunc mauris. Morbi non sapien molestie orci tincidunt adipiscing. Mauris molestie pharetra nibh. Aliquam ornare, libero at auctor ullamcorper, nisl arcu iaculis enim, sit amet ornare lectus justo eu arcu. Morbi sit amet massa. Quisque porttitor eros nec tellus. Nunc lectus pede, ultrices a, auctor non,'),
       (4, '2022-04-06 12:37:49', 2, 'eu,',
        'non enim commodo hendrerit. Donec porttitor tellus non magna. Nam ligula elit, pretium et, rutrum non, hendrerit id, ante. Nunc mauris sapien, cursus in, hendrerit consectetuer, cursus et, magna. Praesent interdum ligula eu enim. Etiam imperdiet dictum magna. Ut tincidunt orci'),
       (5, '2022-10-23 10:20:54', 1, 'morbi',
        'purus sapien, gravida non, sollicitudin a, malesuada id, erat. Etiam vestibulum massa rutrum magna. Cras convallis convallis dolor. Quisque tincidunt pede ac urna. Ut tincidunt vehicula risus. Nulla eget metus eu erat semper rutrum. Fusce dolor quam, elementum at, egestas a, scelerisque sed, sapien. Nunc pulvinar arcu et pede. Nunc sed orci lobortis augue scelerisque mollis. Phasellus libero mauris, aliquam eu, accumsan sed, facilisis vitae, orci. Phasellus dapibus quam quis diam. Pellentesque habitant morbi tristique senectus');

INSERT INTO tags (id, tag)
VALUES (1, 'funny'),
       (2, 'summer');

INSERT INTO post2tag (id, post_id, tag_id)
VALUES (1, 1, 1),
       (2, 1, 2),
       (3, 2, 1),
       (4, 2, 2),
       (5, 3, 1),
       (6, 3, 2),
       (7, 4, 1),
       (8, 4, 2);